{
    "svm": {
        "untuned": {
            "times": [
                0.04999899864196777,
                0.051001548767089844,
                0.04999971389770508,
                0.0520014762878418,
                0.04900002479553223,
                0.049996376037597656,
                0.04899907112121582,
                0.046997785568237305,
                0.04999732971191406,
                0.04800009727478027,
                0.04899859428405762,
                0.05299663543701172,
                0.05200004577636719,
                0.048998355865478516,
                0.049997806549072266,
                0.05099892616271973,
                0.04999709129333496,
                0.048996925354003906,
                0.053998708724975586,
                0.05099964141845703
            ],
            "scores": [
                0.8648648648648649,
                0.8648648648648649,
                0.918918918918919,
                0.9459459459459459,
                0.8648648648648649,
                0.8918918918918919,
                0.8918918918918919,
                0.8108108108108109,
                0.8648648648648649,
                0.8918918918918919,
                0.8378378378378378,
                0.8918918918918919,
                0.8648648648648649,
                0.8648648648648649,
                0.8918918918918919,
                0.8378378378378378,
                0.9459459459459459,
                0.8648648648648649,
                0.9459459459459459,
                0.8108108108108109
            ],
            "avg_score": 0.8783783783783784
        },
        "tuned": {
            "times": [
                3.700998544692993,
                3.6840014457702637,
                3.720000743865967,
                3.7509987354278564,
                3.6540000438690186,
                3.7540013790130615,
                3.7209994792938232,
                3.5820000171661377,
                3.7180016040802,
                3.6460001468658447,
                3.6850006580352783,
                3.715001344680786,
                3.7010111808776855,
                3.6090006828308105,
                3.709000587463379,
                3.619000196456909,
                3.7750022411346436,
                3.7140016555786133,
                3.8610000610351562,
                3.6630022525787354
            ],
            "scores": [
                0.918918918918919,
                0.918918918918919,
                0.918918918918919,
                0.8918918918918919,
                0.8648648648648649,
                0.8918918918918919,
                0.9459459459459459,
                0.7837837837837838,
                0.8378378378378378,
                0.8648648648648649,
                0.9459459459459459,
                0.8918918918918919,
                0.8648648648648649,
                0.8648648648648649,
                0.8918918918918919,
                0.8648648648648649,
                0.9459459459459459,
                0.8378378378378378,
                0.9459459459459459,
                0.8648648648648649
            ],
            "avg_score": 0.8878378378378379
        }
    },
    "random_forest": {
        "untuned": {
            "times": [
                0.20199823379516602,
                0.21699976921081543,
                0.20198702812194824,
                0.2089977264404297,
                0.20600128173828125,
                0.2089993953704834,
                0.2180042266845703,
                0.22600007057189941,
                0.2030031681060791,
                0.21300005912780762,
                0.2129991054534912,
                0.20499944686889648,
                0.21199965476989746,
                0.20600032806396484,
                0.20198726654052734,
                0.19298696517944336,
                0.19800043106079102,
                0.21600055694580078,
                0.21300005912780762,
                0.19500255584716797
            ],
            "scores": [
                0.918918918918919,
                0.972972972972973,
                0.918918918918919,
                0.9459459459459459,
                0.8918918918918919,
                0.972972972972973,
                1.0,
                0.8108108108108109,
                0.918918918918919,
                0.8918918918918919,
                0.972972972972973,
                0.918918918918919,
                0.918918918918919,
                0.8918918918918919,
                0.9459459459459459,
                0.9459459459459459,
                0.9459459459459459,
                0.8648648648648649,
                0.9459459459459459,
                0.9459459459459459
            ],
            "avg_score": 0.9270270270270272
        },
        "tuned": {
            "times": [
                95.94151067733765,
                98.28000020980835,
                96.15100026130676,
                96.88800024986267,
                95.20599675178528,
                96.8070011138916,
                97.18999719619751,
                97.47652125358582,
                96.38100028038025,
                96.19451189041138,
                95.8265233039856,
                95.32000374794006,
                94.25699639320374,
                96.0625159740448,
                95.64000201225281,
                94.74800109863281,
                95.47500324249268,
                96.35000324249268,
                96.96899604797363,
                95.32199788093567
            ],
            "scores": [
                0.918918918918919,
                0.972972972972973,
                0.918918918918919,
                0.9459459459459459,
                0.8918918918918919,
                0.972972972972973,
                1.0,
                0.8378378378378378,
                0.918918918918919,
                0.8918918918918919,
                0.972972972972973,
                0.918918918918919,
                0.918918918918919,
                0.8648648648648649,
                0.9459459459459459,
                0.9459459459459459,
                0.9459459459459459,
                0.8648648648648649,
                0.9459459459459459,
                0.9459459459459459
            ],
            "avg_score": 0.9270270270270272
        }
    },
    "gradient_boosting": {
        "untuned": {
            "times": [
                4.32844352722168,
                5.595519065856934,
                3.9070017337799072,
                3.919053316116333,
                3.2230000495910645,
                3.1207268238067627,
                3.8071467876434326,
                3.9580540657043457,
                4.142481803894043,
                3.8780200481414795,
                3.70999813079834,
                3.0139987468719482,
                2.762019395828247,
                4.122606515884399,
                2.4570019245147705,
                2.8965539932250977,
                3.0510003566741943,
                2.878000497817993,
                2.9450478553771973,
                3.699134111404419
            ],
            "scores": [
                0.918918918918919,
                0.8648648648648649,
                0.918918918918919,
                0.972972972972973,
                0.9459459459459459,
                0.9459459459459459,
                0.9459459459459459,
                0.918918918918919,
                0.918918918918919,
                0.9459459459459459,
                0.972972972972973,
                0.972972972972973,
                0.8918918918918919,
                0.9459459459459459,
                0.8918918918918919,
                0.8918918918918919,
                0.972972972972973,
                0.972972972972973,
                0.9459459459459459,
                1.0
            ],
            "avg_score": 0.937837837837838
        },