{
    "svm": {
        "untuned": {
            "times": [
                0.14999747276306152,
                0.14899706840515137,
                0.14899682998657227,
                0.14600014686584473,
                0.14999985694885254,
                0.14999699592590332,
                0.14600014686584473,
                0.14799714088439941,
                0.14901304244995117,
                0.14799809455871582,
                0.14899992942810059,
                0.1509997844696045,
                0.14799761772155762,
                0.14999651908874512,
                0.15199589729309082,
                0.15000081062316895,
                0.1490025520324707,
                0.15100455284118652,
                0.14999747276306152,
                0.14800071716308594
            ],
            "scores": [
                0.5957446808510638,
                0.6595744680851063,
                0.6595744680851063,
                0.7872340425531915,
                0.6808510638297872,
                0.723404255319149,
                0.723404255319149,
                0.6808510638297872,
                0.7021276595744681,
                0.6382978723404256,
                0.6170212765957447,
                0.6382978723404256,
                0.6170212765957447,
                0.6382978723404256,
                0.723404255319149,
                0.5319148936170213,
                0.5531914893617021,
                0.6808510638297872,
                0.6170212765957447,
                0.6808510638297872
            ],
            "avg_score": 0.6574468085106383
        },
        "tuned": {
            "times": [
                10.150999546051025,
                10.210998773574829,
                10.16100025177002,
                10.134999752044678,
                10.247986793518066,
                10.089000940322876,
                10.108999967575073,
                10.187999963760376,
                10.164000034332275,
                10.096000671386719,
                10.196000099182129,
                10.229002237319946,
                10.147000312805176,
                10.355001449584961,
                10.130001783370972,
                10.193001985549927,
                10.228001117706299,
                10.224995851516724,
                10.267000436782837,
                10.24799919128418
            ],
            "scores": [
                0.6382978723404256,
                0.6595744680851063,
                0.8085106382978723,
                0.8085106382978723,
                0.7659574468085106,
                0.723404255319149,
                0.7872340425531915,
                0.8723404255319149,
                0.7446808510638298,
                0.7659574468085106,
                0.7659574468085106,
                0.6595744680851063,
                0.7872340425531915,
                0.723404255319149,
                0.7021276595744681,
                0.8297872340425532,
                0.8085106382978723,
                0.7872340425531915,
                0.723404255319149,
                0.7021276595744681
            ],
            "avg_score": 0.7531914893617021
        }
    },
    "random_forest": {
        "untuned": {
            "times": [
                0.32799816131591797,
                0.3320009708404541,
                0.33800387382507324,
                0.33299899101257324,
                0.3450000286102295,
                0.3280000686645508,
                0.32700181007385254,
                0.3309953212738037,
                0.32000064849853516,
                0.3430020809173584,
                0.35500168800354004,
                0.32900094985961914,
                0.3209993839263916,
                0.349994421005249,
                0.3279998302459717,
                0.3529999256134033,
                0.3470015525817871,
                0.34600162506103516,
                0.33699536323547363,
                0.3320000171661377
            ],
            "scores": [
                0.7872340425531915,
                0.7872340425531915,
                0.8723404255319149,
                0.8723404255319149,
                0.851063829787234,
                0.851063829787234,
                0.851063829787234,
                0.851063829787234,
                0.7872340425531915,
                0.851063829787234,
                0.8723404255319149,
                0.7872340425531915,
                0.723404255319149,
                0.7659574468085106,
                0.723404255319149,
                0.851063829787234,
                0.8723404255319149,
                0.8723404255319149,
                0.8723404255319149,
                0.8085106382978723
            ],
            "avg_score": 0.825531914893617
        },
        "tuned": {
            "times": [
                119.97000336647034,
                118.98700332641602,
                120.12600040435791,
                117.12299871444702,
                119.12601327896118,
                118.84900069236755,
                116.67599844932556,
                118.06351232528687,
                116.78499984741211,
                118.05099987983704,
                118.81351900100708,
                119.67297792434692,
                116.96699833869934,
                120.05650854110718,
                119.23903894424438,
                120.4795253276825,
                120.89451122283936,
                118.47750854492188,
                118.7889997959137,
                117.67899990081787
            ],
            "scores": [
                0.7659574468085106,
                0.851063829787234,
                0.8723404255319149,
                0.8723404255319149,
                0.851063829787234,
                0.851063829787234,
                0.8085106382978723,
                0.8297872340425532,
                0.7659574468085106,
                0.8936170212765957,
                0.851063829787234,
                0.7659574468085106,
                0.6808510638297872,
                0.7872340425531915,
                0.723404255319149,
                0.851063829787234,
                0.8723404255319149,
                0.8723404255319149,
                0.8297872340425532,
                0.8297872340425532
            ],
            "avg_score": 0.8212765957446809
        }
    },
    "gradient_boosting": {
        "untuned": {
            "times": [
                3.0821139812469482,
                3.015000581741333,
                2.890001058578491,
                3.083000421524048,
                2.9800007343292236,
                3.039001941680908,
                3.102003335952759,
                3.0060009956359863,
                2.9809892177581787,
                2.9520010948181152,
                2.964000701904297,
                3.0689990520477295,
                3.037001132965088,
                3.088519334793091,
                2.937999725341797,
                2.877002477645874,
                2.962001085281372,
                2.786998987197876,
                3.029003381729126,
                2.8340020179748535
            ],
            "scores": [
                0.851063829787234,
                0.8297872340425532,
                0.723404255319149,
                0.7659574468085106,
                0.7446808510638298,
                0.7872340425531915,
                0.7021276595744681,
                0.7872340425531915,
                0.723404255319149,
                0.723404255319149,
                0.8297872340425532,
                0.7021276595744681,
                0.7872340425531915,
                0.7659574468085106,
                0.7659574468085106,
                0.7446808510638298,
                0.8085106382978723,
                0.7659574468085106,
                0.851063829787234,
                0.8723404255319149
            ],