{
    "svm": {
        "untuned": {
            "times": [
                0.030000686645507812,
                0.02799844741821289,
                0.02799820899963379,
                0.027997732162475586,
                0.027998924255371094,
                0.027998924255371094,
                0.027997493743896484,
                0.027999401092529297,
                0.0280001163482666,
                0.0280001163482666,
                0.02799844741821289,
                0.026999950408935547,
                0.02799820899963379,
                0.0280001163482666,
                0.02699756622314453,
                0.027999401092529297,
                0.027997970581054688,
                0.02800273895263672,
                0.02799701690673828,
                0.0279996395111084
            ],
            "scores": [
                -0.14460848860575215,
                -0.0532706049186602,
                -0.16056196179750803,
                -0.18923343332890208,
                -0.050447705517450814,
                -0.12828723031843903,
                -0.27982383776629427,
                -0.08049566888089288,
                -0.11714496646304684,
                -0.2504493833093031,
                -0.08286212232123691,
                -0.11250875495527302,
                -0.012961467094766421,
                -0.463773115320816,
                -0.2164499084308915,
                -0.23528014672366604,
                -0.13003202339102127,
                -0.19600311713180307,
                -0.1206026084917986,
                -0.03961705112017211
            ],
            "avg_score": -0.15322067979438475
        },
        "tuned": {
            "times": [
                0.31599926948547363,
                0.2909996509552002,
                0.3150022029876709,
                0.29000139236450195,
                0.2909989356994629,
                0.28800010681152344,
                0.28799962997436523,
                0.2869999408721924,
                0.29199647903442383,
                0.28600001335144043,
                0.2760002613067627,
                0.2870011329650879,
                0.2820000648498535,
                0.2819986343383789,
                0.2799994945526123,
                0.2759995460510254,
                0.27500033378601074,
                0.2819969654083252,
                0.27699995040893555,
                0.28600025177001953
            ],
            "scores": [
                0.3672467014083596,
                0.4096056670782344,
                0.24313389766844729,
                0.31679169174990995,
                0.3655604941062407,
                0.30877175399806533,
                0.0820342846464086,
                0.3590159846671721,
                0.03570930760443025,
                0.10995204645816725,
                0.406590700561657,
                0.40290365824565577,
                0.42193451482262634,
                0.04146169907059394,
                0.22858739113368154,
                0.3385317328005062,
                0.24307962199515742,
                0.2069879197340292,
                0.39506523070001087,
                0.3519786994270383
            ],
            "avg_score": 0.2817471498938196
        }
    },
    "random_forest": {
        "untuned": {
            "times": [
                0.4369995594024658,
                0.4139993190765381,
                0.4190034866333008,
                0.4210085868835449,
                0.4139995574951172,
                0.41899967193603516,
                0.4140040874481201,
                0.40601682662963867,
                0.4272904396057129,
                0.4159996509552002,
                0.42299938201904297,
                0.42100024223327637,
                0.4290170669555664,
                0.4360015392303467,
                0.41600966453552246,
                0.4249989986419678,
                0.42200183868408203,
                0.40200018882751465,
                0.4070017337799072,
                0.4130229949951172
            ],
            "scores": [
                0.4738101925887417,
                0.4709481793724982,
                0.2820822956491691,
                0.44150777774532235,
                0.3504657793778716,
                0.39653323771804094,
                0.18738696256183973,
                0.2600631241169634,
                0.3786165273096668,
                0.3318976939024978,
                0.41315015901926333,
                0.19624036062637962,
                0.32902782549559706,
                0.4034078912934621,
                0.24049182010855696,
                0.31894308640622215,
                0.27301051960399825,
                0.19938205549910426,
                0.3426860245117439,
                0.5251153785203148
            ],
            "avg_score": 0.3407383445713627
        },
        "tuned": {
            "times": [
                19.197688102722168,
                15.537131547927856,
                15.527517557144165,
                15.570556163787842,
                15.143049955368042,
                16.3145489692688,
                15.489128589630127,
                15.078015327453613,
                16.165050506591797,
                15.431580066680908,
                16.267517566680908,
                15.257560014724731,
                15.125596523284912,
                15.444052934646606,
                16.241612672805786,
                16.324071884155273,
                16.074068784713745,
                15.242101669311523,
                16.97664475440979,
                15.127503633499146
            ],
            "scores": [
                0.5217780924017428,
                0.4048655776226783,
                0.3112806574869169,
                0.5190767614351519,
                0.3553789956915492,
                0.3748063378449791,
                0.18738696256183973,
                0.2879176936096747,
                0.4920722823783603,
                0.34319492969458865,
                0.5344404571620359,
                0.3689168953744595,
                0.29482163284578167,
                0.4631182982342863,
                0.33670478135072013,
                0.3975783295354145,
                0.23165573508532844,
                0.25001885640025356,
                0.31483958684303415,
                0.34674634815057204
            ],
            "avg_score": 0.36682996058546835
        }
    },
    "gradient_boosting": {
        "untuned": {
            "times": [
                4.290513038635254,
                5.1836936473846436,
                5.16748046875,
                4.574092149734497,
                4.8868186473846436,
                5.677121877670288,
                3.02584171295166,
                4.9125142097473145,
                3.7865610122680664,
                5.233101844787598,
                5.430010795593262,
                4.316166162490845,
                5.432092905044556,
                4.191074848175049,
                4.657045841217041,
                5.30519437789917,
                4.789083242416382,
                5.227261066436768,
                4.731947898864746,
                4.1690354347229
            ],