{
    "svm": {
        "untuned": {
            "times": [
                0.030999183654785156,
                0.0279996395111084,
                0.028999805450439453,
                0.026996850967407227,
                0.027997255325317383,
                0.027997493743896484,
                0.0279998779296875,
                0.02802896499633789,
                0.02700018882751465,
                0.0280001163482666,
                0.026988983154296875,
                0.027997493743896484,
                0.02699756622314453,
                0.02699732780456543,
                0.026998519897460938,
                0.0279996395111084,
                0.027998924255371094,
                0.026999711990356445,
                0.0279998779296875,
                0.02699875831604004
            ],
            "scores": [
                -0.1486567151568552,
                -0.17992995005350232,
                -0.07932078877509485,
                -0.045283383439552294,
                -0.02346973752283188,
                -0.2739813115158656,
                -0.03895660322499772,
                -0.17324776811148324,
                -0.10664864580141598,
                -0.06130330702082443,
                -0.06813212980597472,
                -0.09872920883386604,
                -0.13894991295948889,
                -0.128650371878543,
                -0.1263336655176841,
                -0.24962508700681196,
                -0.15251442934665627,
                -0.15431601346320956,
                -0.27943838144360034,
                -0.13124114458368075
            ],
            "avg_score": -0.13293642777309694
        },
        "tuned": {
            "times": [
                2.2515087127685547,
                2.164000988006592,
                2.156999111175537,
                2.122000217437744,
                2.1755757331848145,
                2.1449999809265137,
                2.1859982013702393,
                2.1953718662261963,
                2.129002571105957,
                2.1489996910095215,
                2.110001564025879,
                2.1360023021698,
                2.133000612258911,
                2.134000062942505,
                2.1519997119903564,
                2.1500000953674316,
                2.18399977684021,
                2.140000104904175,
                2.1480002403259277,
                2.1630003452301025
            ],
            "scores": [
                0.509628785639207,
                0.4281105580805352,
                0.4569137384655527,
                0.47496055067080556,
                0.597082334947278,
                0.5120132420211522,
                0.42826235285850267,
                0.5876387613143133,
                0.6253051317692793,
                0.48265789282130755,
                0.6320683907862911,
                0.6337948611156351,
                0.44311353852776036,
                0.48005265706874467,
                0.5700361312971058,
                0.4104687254446354,
                0.4336271386608411,
                0.4421239073790717,
                0.41773055258540104,
                0.5152308752468581
            ],
            "avg_score": 0.5040410063350139
        }
    },
    "random_forest": {
        "untuned": {
            "times": [
                0.4010000228881836,
                0.3989989757537842,
                0.40599918365478516,
                0.4029991626739502,
                0.4099998474121094,
                0.41699886322021484,
                0.4153270721435547,
                0.42400336265563965,
                0.40200018882751465,
                0.40600013732910156,
                0.4070005416870117,
                0.3990001678466797,
                0.40200161933898926,
                0.39600253105163574,
                0.4069991111755371,
                0.4179997444152832,
                0.4089992046356201,
                0.40900397300720215,
                0.40900111198425293,
                0.40599846839904785
            ],
            "scores": [
                0.49408373973377906,
                0.36798949517339485,
                0.4741950868584095,
                0.336804800100421,
                0.6211744329152125,
                0.6353315331580007,
                0.47719929809905715,
                0.65089774444365,
                0.658060637257681,
                0.563908282525543,
                0.5104347439732753,
                0.27460518554091773,
                0.44133671566029253,
                0.3844634668937531,
                0.5660263362252752,
                0.6016469792449716,
                0.29903764157270074,
                0.5850977012880427,
                0.5774068064529021,
                0.4316357695106857
            ],
            "avg_score": 0.4975668198313983
        },
        "tuned": {
            "times": [
                143.0920307636261,
                143.84500575065613,
                142.65554332733154,
                141.51900029182434,
                143.6566400527954,
                145.0490801334381,
                144.29946446418762,
                144.481703042984,
                143.71399998664856,
                143.19899988174438,
                141.68104434013367,
                142.61300349235535,
                141.88802099227905,
                142.66051483154297,
                142.97351241111755,
                142.63199830055237,
                143.53051161766052,
                144.35750675201416,
                142.29899954795837,
                142.77299690246582
            ],
            "scores": [
                0.5446325968065258,
                0.3909449473398313,
                0.5177459389145956,
                0.3357496429354333,
                0.6243757881292661,
                0.5900389583205023,
                0.4926482464366915,
                0.5471613839319338,
                0.6535659118850616,
                0.56164290374085,
                0.4467823367684314,
                0.20321442432756032,
                0.42276028070009486,
                0.41931790267437297,
                0.5914926014537383,
                0.5995342314135876,
                0.3317951558331427,
                0.5906364098568466,
                0.49385800753865683,
                0.440108230052236
            ],
            "avg_score": 0.48990029495296794
        }
    },
    "gradient_boosting": {
        "untuned": {
            "times": [
                6.062532901763916,
                4.195028305053711,
                3.00799822807312,
                3.2400543689727783,
                3.794640064239502,
                4.915338516235352,
                3.7685954570770264,
                4.474452257156372,
                4.16706109046936,
                3.7215147018432617,
                4.3813629150390625,
                4.757116794586182,
                4.597618341445923,
                3.81381893157959,
                4.3694679737091064,
                3.6318135261535645,
                4.56298041343689,
                3.474968910217285,
                3.1220009326934814,
                3.7300753593444824
            ],